Dataset,Column,Min Length,Max Length,Mean Length,Std Dev,Median (P50),P5,P25,P75,P95,P99,Empty/Whitespace Count,Empty/Whitespace Pct (%)
train_source1,business_name,3,105,24.03,7.74,24.0,12.0,18.0,30.0,37.0,42.0,0,0.0
train_source1,business_address,11,256,52.07,25.33,41.0,27.0,33.0,70.0,103.0,124.0,0,0.0
train_source2,business_name,0,104,25.1,8.89,25.0,12.0,19.0,31.0,40.0,48.0,2,0.0
train_source2,business_address,0,249,46.23,24.84,37.0,22.0,30.0,61.0,96.0,118.0,168967,3.3561
train_source3,business_name,0,123,25.2,9.49,25.0,11.0,18.0,31.0,42.0,50.0,13,0.0002
train_source3,business_address,0,240,46.71,21.65,42.0,22.0,35.0,54.0,91.0,115.0,175916,3.3282
test_source1,business_name,3,92,23.84,7.67,24.0,12.0,18.0,29.0,36.0,42.0,0,0.0
test_source1,business_address,11,268,57.21,25.03,50.0,28.0,36.0,74.0,105.0,126.0,0,0.0
test_source2,business_name,0,102,25.7,9.12,25.0,12.0,19.0,32.0,42.0,49.0,46,0.0009
test_source2,business_address,0,269,50.41,25.35,43.0,23.0,32.0,67.0,99.0,120.0,129408,2.6479
test_source3,business_name,0,103,25.66,9.57,25.0,11.0,19.0,32.0,42.0,50.0,59,0.0012
test_source3,business_address,0,267,48.74,22.64,43.0,22.0,35.0,59.0,94.0,117.0,136098,2.6779
